asin,title,description,image_url,amazon_price_usd,stock,is_prime
B08T8L371P,Glow Recipe Watermelon Niacinamide Drops,"Glow Recipe Watermelon Niacinamide Dew Drops, Korean Niacinamide Serum Drops, Hydrating Face Serum + Primer & Liquid Highlighter, Hyaluronic Acid, Dewy Glow (40ml)",https://m.media-amazon.com/images/I/51h-PS9qIIL._SX466_.jpg,36.01,10,true
B0DHRQXYCH,E.l.f. Hydration Complexion Hyaluronic Cruelty Free,"e.l.f. SKIN Holy Hydration! Thirst Burst Drops, Serum For A Radiant Complexion Instantly & Over Time, Made With Hyaluronic Acid, Vegan & Cruelty-Free",https://m.media-amazon.com/images/I/71iJG5cgmuL._SX466_.jpg,12.96,10,true
B08L8B5JR2,Vibriance Formula Hydrates Targets Wrinkles,"Vibriance Super C Serum for Mature Skin - All-in-One Vitamin Formula Hydrates, Firms, Lifts, Smooths, Targets Age Spots, Wrinkles, 1 fl oz",https://m.media-amazon.com/images/I/71JbETCeypL._SX466_.jpg,47.00,10,true
B0009ET6CA,DERMA Hydrating Serum Hyaluronic Acid,"DERMA E Ultra Hydrating Dewy Skin Serum - Moisturizing Facial Treatment with Anti-Aging Squalane, Hyaluronic Acid and Ceramides to Smooth and Replenish, 2 FL Oz",https://m.media-amazon.com/images/I/61hhS8QwxxL._SX466_.jpg,23.00,10,true
B0FT7YLV43,COSRX Collagen Intense Vitalizing Serum,"COSRX 5 PDRN Collagen Intense Vitalizing Serum - Korean Serum for Skin Firming & Glowing with Salmon DNA, Centella, Lactobacillus PDRN & Collagen, Korean Skin Care (3.38 fl.oz.)",https://m.media-amazon.com/images/I/61NyYFx3XJL._SX466_.jpg,25.00,10,true
B0B2QHS72Y,SEEN Shampoo Fragrance Free 8 6,"SEEN Shampoo, Fragrance Free - Non-Comedogenic Hair Shampoo- Dermatologist-Developed - Safe for Sensitive, Eczema & Acne Prone Skin",https://m.media-amazon.com/images/I/51XVUcgfakL._SX466_.jpg,32.00,10,true
B08SYKL11M,OUAI Medium Shampoo Conditioner Sulfates,"OUAI Medium Hair Shampoo and Conditioner Set - Sulfate-Free Shampoo and Conditioner for Women & Men - Made with Keratin, Shea Butter & Avocado Oil - Free of Parabens & Phthalates (10 Fl Oz)",https://m.media-amazon.com/images/I/51P8aVmhlcL._SX466_.jpg,64.00,10,true
B0B2QR7XPG,SEEN Shampoo 8 6 Fl Oz,SEEN Shampoo - Scented - Non-Comedogenic Hair Shampoo- Dermatologist-Developed - Safe for Sensitive & Acne Prone Skin,https://m.media-amazon.com/images/I/41iBASux9lL._SX466_.jpg,32.00,10,true
B084BW599K,OUAI Shampoo Strengthening Voluminous Phthalates,"OUAI Fine Hair Shampoo - Biotin Thickening Shampoo for Flat, Thin Hair - Volumizing & Strengthening Keratin & Chia Seed Oil for Women & Men - Lightweight, Color-Safe, Sulfate Free, 10 Oz",https://m.media-amazon.com/images/I/511SN3d82fL._SX466_.jpg,32.00,10,true
B0861WGB1K,Shapiro MD Hair Growth Experience,Shapiro MD Hair Growth Experts Vegan Hair Loss Shampoo for Thinning Hair Experience Healthier Fuller and Thicker Looking Hair (1 Month Supply),https://m.media-amazon.com/images/I/51liMudPmAL._SX466_.jpg,31.96,10,true
B0DHWH8TJX,Pantene Sheer Fullness Shampoo 820,"Pantene Shampoo, Sheer Volume - 72-Hour Fullness, Lightweight Nourishment with Pro-Vitamin B5 + Antioxidants, Fine, Thin, Color-Treated Hair, Paraben Free, 27.7 Fl Oz",https://m.media-amazon.com/images/I/61b3QCkyH-L._SX466_.jpg,9.97,10,true
B09GV3RGW2,Pantene Conditioner Treatment Moisture Color Treated,"Pantene Shampoo & Conditioner Set, Daily Moisture Renewal - Pro-V Nutrients for Dry, Color-Treated, Straight to Curly Hair, 72-Hour Hydration & Softness, 52.8 Oz Total",https://m.media-amazon.com/images/I/71FWuSE1cuL._SX466_.jpg,21.40,10,true
B0DK5SQRM8,Dove Shampoo Intensive Bio Protein Technology,Dove Shampoo Intensive Repair for Damaged Hair with Bio-Protein Care Technology and Amino Serum 28 Fl Oz,https://m.media-amazon.com/images/I/71RmlkRx54L._SX466_.jpg,7.96,10,true
B0BBBSMV94,Native Conditioner Naturally Ingredients Moisturizing,"Native Coconut & Vanilla Shampoo and Conditioner - All Hair Types, Color & Treated, Fine to Dry Damaged, Sulfate & Dye Free - 2-Pack",https://m.media-amazon.com/images/I/71jyiuNOmKL._SX466_.jpg,19.94,10,true
B07D37PQGL,Olaplex No 4 Bond Maintenance Shampoo,"Olaplex No.4 Bond Maintenance Hair Strengthening Shampoo: Repairs Damage & Defend Against Future Breakage Replenishes Hydration For Coily, Curly, Straight, and Wavy",https://m.media-amazon.com/images/I/71Ewhhl+tJL._SX522_.jpg,34.00,10,true
B084BTP393,OUAI Hydrating Nourishes Strengthens Phthalates,"OUAI Medium Hair Shampoo - Hydrating Shampoo for Color Treated Hair & Dry Scalp - Coconut Oil, Babassu, Keratin - Sulfate Free, 10 Oz",https://m.media-amazon.com/images/I/512pAEVrgIL._SX466_.jpg,32.00,10,true
B084C2PC69,OUAI Shampoo Clarifying Refreshed Phthalates,"OUAI Detox Shampoo - Clarifying Shampoo for Build Up, Dirt, Oil and Hard Water - Apple Cider Vinegar & Keratin for Clean, Refreshed Hair - Sulfate-Free (10 oz)",https://m.media-amazon.com/images/I/71dq5ltYhIL._SX466_.jpg,34.00,10,true
B0B96LXQ49,Head Shoulders Dandruff Anti Dandruff Treatment,"Head & Shoulders Anti-Dandruff Shampoo with 1% Pyrithione Zinc, Classic Clean, Fresh Scent, Daily Use, Color-Safe, 28.2 Fl Oz",https://m.media-amazon.com/images/I/71aQmV95ysL._SX466_.jpg,12.47,10,true
B084ZWKJ8S,Ouai Fine Shampoo 10 Conditioner,"OUAI Fine Shampoo and Conditioner Set - Sulfate Free - Made with Keratin, Marshmallow Root, Shea Butter & Avocado Oil - Free of Parabens & Phthalates (10 Fl Oz)",https://m.media-amazon.com/images/I/51JfDGJYNvL._SX466_.jpg,64.00,10,true
B084C5QQ7N,OUAI Shampoo Hydrating Nourishes Strengthens,"OUAI Medium Hair Shampoo - Hydrating Shampoo for Color Treated Hair & Dry Scalp - Coconut Oil, Babassu, Keratin - Sulfate Free, Refill 32 Oz",https://m.media-amazon.com/images/I/51jf6ZF4KFL._SX466_.jpg,64.00,10,true
B07LCH8QZ8,Aussie Miracle Shampoo Without Avocado,"Aussie Miracle Moist Shampoo: Hydrating & Gentle Cleansing Treatment with Avocado & Jojoba Oil, 26.2 Fl Oz",https://m.media-amazon.com/images/I/71q22MY+12L._SX466_.jpg,7.97,10,true
B0GLRXGHH8,Herbal Essences Shampoo Passionfruit Dermatologist Tested,"Herbal Essences Shampoo, Rose Hips + Passionfruit - Smooth Collection, Shiny Hair with Vitamin E & Jojoba, Safe for Color Treated Hair, 29.2 Fl Oz",https://m.media-amazon.com/images/I/71IGe-crhtL._SX466_.jpg,11.99,10,true
B0FWVR26QW,Cerave Hydrating Ceramides Niacinamide Hyaluronic,"CeraVe Gentle Hydrating Shampoo, With Ceramides, Niacinamide & Hyaluronic Acid For Soft Hair & Scalp, Sulfate Free & Color Safe, For All Hair Types, 19 Oz",https://m.media-amazon.com/images/I/61pQlxbDtbL._SX466_.jpg,12.97,10,true
B086S4Q7JH,Herbal Essences Shampoo Conditioner Rose,"Herbal Essences Shampoo & Conditioner Set, Rose Hips - Smooth Collection, Paraben-Free, Color-Safe, with Jojoba & Vitamin E, 29.2 Fl Oz Each, 2-Pack",https://m.media-amazon.com/images/I/81sRDKOiP5L._SX466_.jpg,20.92,10,true
B0F8JJPFZG,OUAI Medium Shampoo Conditioner Travel,"OUAI Medium Hair Shampoo & Conditioner Set, Travel Size - With Coconut Oil, Babassu, Kumquat Extract & Keratin - Sulfate, Paraben & Phthalate Free (3 Oz)",https://m.media-amazon.com/images/I/5117kootdEL._SX466_.jpg,28.00,10,true
B0FBLD9P6N,Lanfredi Strengthening Volumizing Supports Lightweight,"Fortify Shampoo for Fine to Medium Hair, Strengthening Volumizing Formula, Supports Growth, Adds Shine, Repairs, Lightweight Daily Hair Cleanser",https://m.media-amazon.com/images/I/51W-LPeh3rL._SX466_.jpg,30.95,10,true
B084C4FLG1,OUAI Shampoo Strengthening Keratin Voluminous,"OUAI Fine Hair Shampoo - Biotin Thickening Shampoo for Flat, Thin Hair - Volumizing & Strengthening Keratin & Chia Seed Oil - Sulfate Free, Refill 32 Oz",https://m.media-amazon.com/images/I/51LDgPnh4QL._SX466_.jpg,64.00,10,true
B0CHK1CKJ2,Native Shampoo Conditioner Naturally Ingredients,"Native Shampoo and Conditioner - All Hair Type Color & Treated, Fine to Dry Damaged, Sulfate & Dye Free - Almond & Shea Butter, 16.5 fl oz each (2 pack)",https://m.media-amazon.com/images/I/71R1Rhdj4AL._SX466_.jpg,17.59,10,true
B07QC43BXB,Loreal Paris Conditioner Color Treated Moisturizes,"L'Oreal Paris Moisture Sulfate Free Shampoo and Conditioner Set, Hair Care for Color-Treated Hair with Rosemary Botanicals, EverPure, 1 Kit",https://m.media-amazon.com/images/I/816UeZMogrL._SX466_.jpg,15.99,10,true
B0D4SBLLRJ,Olaplex Wash Shine Hair Kit,"Olaplex Wash and Shine Hair Kit: No.4, 5, 7, Shampoo & Conditioner Set Cleanse, Hydrate, & Control Frizz Up to 72 Hours Bonding Oil for Shine",https://m.media-amazon.com/images/I/61e2-jaRmtL._SX522_.jpg,68.00,10,true
B000MD65FO,Tea Tree Special Shampoo 33 8,"Tea Tree Special Shampoo, Deep Cleans, Refreshes Scalp, For All Hair Types, Especially Oily Hair",https://m.media-amazon.com/images/I/61EqSHrcgJL._SX522_.jpg,50.00,10,true
B0FWVCMG63,Cerave Balancing Clarifying Ceramides Hyaluronic,"CeraVe Oil Control Balancing Shampoo, Clarifying Shampoo With Ceramides & Hyaluronic Acid, For All Hair & Scalp Types, Sulfate Free & Color Safe, 12 oz",https://m.media-amazon.com/images/I/61xpexCVd5L._SX466_.jpg,8.97,10,true
B0FYQXRV77,Nizoral Anti Dandruff Shampoo Ketoconazole Peppermint,"Nizoral Anti-Dandruff Shampoo with 1% Ketoconazole, 14 Fl Oz, Peppermint and Tea Tree Scent, Anti Fungal Shampoo, For All Hair Types",https://m.media-amazon.com/images/I/712b8q21c3L._SX466_.jpg,27.57,10,true
B0G54D416V,Suave Moisture Sulfate Free Restored Moisture,"Suave Moisture Repair Shampoo, Sulfate-free, for restored moisture with every wash, safe for color treated hair, 12.6 oz Pack of 6",https://m.media-amazon.com/images/I/71kYT9V2jVL._SX466_.jpg,18.60,10,true
B09FYK7FKR,Olaplex Blonde Enhancertm Toning Shampoo,"Olaplex No.4P Blonde Enhancer Purple Toning Shampoo: Neutralizes Brassiness & Strengthen Repairs Damages & Hydrates Hair For Coily, Curly, Straight, and Wavy",https://m.media-amazon.com/images/I/811u2kYJObL._SX522_.jpg,34.00,10,true
B07BHCB9Y2,PURA DOR Anti Thinning Moisturizing Conditioner,"PURA D'OR Anti-Thinning Biotin Shampoo and Conditioner, Clinically Tested, Herbal Blend Thickening Products For Women & Men, Original Gold Label Set, 16oz x2",https://m.media-amazon.com/images/I/81VX9JlAZvL._SX466_.jpg,39.99,10,true
B0BYL22CPP,Ginger Lily Farms Moisturizing Cruelty Free,"Ginger Lily Farms Club & Fitness Moisturizing Shampoo for All Hair Types, 100% Vegan & Cruelty-Free, Fragrance Free, 1 Gallon (128 fl oz) Refill",https://m.media-amazon.com/images/I/414IOK5mGOL._SX466_.jpg,21.99,10,true
B07NQ69L7P,Herbal Essences Conditioner Biorenew Repairing,"Herbal Essences Argan Oil Repair Shampoo & Conditioner Set, Moisturizes & Smoothes, Paraben-Free, Color-Safe, Citrus Scent, 20.2 Fl Oz, 2-Pack",https://m.media-amazon.com/images/I/81WyWSIa8TL._SX466_.jpg,24.13,10,true
B0842YG95G,Loreal Paris Repairing Conditioner Conditoner,"L'Oreal Paris Elvive Total Repair 5 Repairing Shampoo and Conditioner for Damaged Hair, 28 Ounce (Set of 2)",https://m.media-amazon.com/images/I/71i+LGGtrML._SX466_.jpg,20.98,10,true
B07NH3RFN2,Head Shoulders Shampoo Dandruff Treatment,"Head & Shoulders Anti-Dandruff Shampoo with 1% Pyrithione Zinc, Dry Scalp Care Twin Pack, and Almond Oil for Itch and Dryness Relief, 32.1 fl oz Each",https://m.media-amazon.com/images/I/81RsH9Yrp9L._SX466_.jpg,25.55,10,true
B0DV42H38H,Cerave Hydrating Ceramides Niacinamide Hyaluronic,"CeraVe Gentle Hydrating Shampoo, With Ceramides, Niacinamide & Hyaluronic Acid For Soft Hair & Scalp, Sulfate Free & Color Safe, For All Hair Types, 12 Oz",https://m.media-amazon.com/images/I/617J7KJPFhL._SX466_.jpg,10.27,10,true
B0BJNX6R5X,Paris Hyaluron Conditioner Dehydrated Hyaluronic,"L'Oreal Paris Elvive Hyaluron Plump Shampoo and Conditioner Set for Dehydrated, Dry Hair with Hyaluronic Acid Care Complex, 1 Kit (2 Products)",https://m.media-amazon.com/images/I/718s-mOM6YL._SX466_.jpg,20.98,10,true
B07RZT8Y7R,Tresemme Smooth Silky Shampoo Pump,"TRESemme Smooth and Silky Shampoo with Pump, 39 oz",https://m.media-amazon.com/images/I/71tfqaFZapL._SX466_.jpg,36.00,10,true
B0DK5VYD9F,Dove Moisture Bio Protein Technology Hyaluronic,Dove Damage Therapy Shampoo Daily Moisture for Dry Hair with Bio-Protein Care Technology and Hyaluronic Serum 28 Fl Oz,https://m.media-amazon.com/images/I/71FnUdjOnRL._SX466_.jpg,10.17,10,true
B088SKYMF2,Nexxus Professional Level CLARIFIX BALANCER Technology,"Nexxus Clean & Pure Shampoo Detox for Professional-Level Silicon, Sulfate & Paraben Free Hair Care with Lactic Acid 33.8 oz",https://m.media-amazon.com/images/I/61LZlyeWxqL._SX466_.jpg,24.28,10,true
B0FRNFCBHH,DOVE MEN CARE Refreshing Strengthening,"DOVE MEN + CARE Shampoo 1 count Fresh + Clean for Hair Refreshing & Strengthening, with Menthol, 28 fl oz",https://m.media-amazon.com/images/I/71EANPWvn-L._SX466_.jpg,8.93,10,true
B0098QPV3I,Moroccan Oil Hydrating Shampoo Ounce,Moroccanoil Hydrating Shampoo,https://m.media-amazon.com/images/I/512rxRpMwIL._SX522_.jpg,30.00,10,true
B0CXX9PYY6,Routine Wellness Shampoo Conditioner Stronger,Routine Wellness Anti-Thinning Shampoo and Conditioner Set for Thinning Hair - Biotin DHT Blocker - Color Safe Shampoo for Hair Loss - Coconut & Vanilla Set,https://m.media-amazon.com/images/I/71JDm-1WbML._SX466_.jpg,49.99,10,true
B0BQ3FGHDQ,Professionals Brilliance Professional Protecting Vibrancy,"Wella Professionals Brilliance Shampoo for Colored Hair, Protecting Color Vibrancy",https://m.media-amazon.com/images/I/61nb1tQ5s7L._SX522_.jpg,39.00,10,true
B09H3RK75S,Hims Thick Fix Shampoo Men,"hims Thick Fix Shampoo - Saw Palmetto for Healthy Hair Growth & Thickening - Vegan, Sulfate-Free & Cruelty-Free - Eucalyptus Scent, 2 pack 6.4 fl oz",https://m.media-amazon.com/images/I/61IkCm60v5L._SX466_.jpg,25.00,10,true
B0011DP24Y,Avalon Organics Nourishing Lavender Shampoo,"Avalon Organics Revitalizing Lavender Shampoo, 32 oz",https://m.media-amazon.com/images/I/61leAbrsH+L._SX466_.jpg,20.98,10,true
B08YF7M43H,ATTITUDE Strengthening Mineral Based Ingredients Cruelty Free,"ATTITUDE Nourishing Hair Shampoo, EWG Verified, For Dry and Damaged Hair, Vegan and Plant Based, Grapeseed Oil and Olive Leaves, 32 Fl Oz",https://m.media-amazon.com/images/I/615Ronx3nYL._SX466_.jpg,19.02,10,true
B07XGVX19G,Oribe Gold Repair Restore Shampoo,"Oribe Gold Lust Repair & Restore Shampoo - Repairs & Prevents Damage - For Dry, Damaged Strands - With Biotin & Niacinamide - 8.5 oz",https://m.media-amazon.com/images/I/614TiuhTMjL._SX522_.jpg,56.00,10,true
B06W5G2R5P,ACTIIV Appearance Healthier Looking Plant Derived Color Safe,"ACTIIV Recover Thickening Shampoo Treatment For Men, Supports the Appearance of Fuller, Healthier-Looking Hair, Plant-Based, Color-Safe, Vegan, All Hair Types",https://m.media-amazon.com/images/I/516QceNlzdL._SX522_.jpg,65.00,10,true
B01LXV5SWY,Zenagen Appearance Healthier Looking Plant Based Color Safe,"ZENAGEN Revolve Women's Thickening Shampoo, Supports Appearance of Fuller, Healthier-Looking Hair, For Fine & Visibly Thinning Hair, Plant-Based, Color-Safe",https://m.media-amazon.com/images/I/61b4ABOGJIL._SX522_.jpg,60.00,10,true
B0DKPGCCRW,Dr Squatch Natural Hair Bundle,"Dr. Squatch Men's Natural Shampoo and Conditioner Set - Sulfate & Paraben Free - Scalp Nourishing Formula - Coconut Castaway (11 fl oz, 2-Pack)",https://m.media-amazon.com/images/I/619jwhFkiGL._SX466_.jpg,31.99,10,true
B08ZG61RXK,Evereden Kids Shampoo Conditioner Multi Vitamin,"Evereden Kids Shampoo and Conditioner 2-in-1: Cool Peach, 8.5 fl oz. Clean, Vegan, & Gentle Care for Kids, Age 4+",https://m.media-amazon.com/images/I/61xnY1-55wL._SX466_.jpg,16.95,10,true
B0857LKWKY,Aussie Conditioner Treatment Australian Macadamia,"Aussie Total Miracle Hair Care Bundle: Shampoo, Conditioner, and 3 Minute Deep Treatment with Apricot & Macadamia Oil, Paraben-Free, 26.2 & 8 Fl Oz",https://m.media-amazon.com/images/I/71ehMGWlb5L._SX466_.jpg,20.44,10,true
B005EUATLQ,Thickening Untreated Progressed Thinning Niacinamide,"Nioxin System 2 Scalp + Hair Thickening Shampoo for Natural Hair with Progressed Thinning, Cleanse & Boost Hair Density with Niacinamide & Biotin",https://m.media-amazon.com/images/I/61OI02CsM+L._SX522_.jpg,27.00,10,true
B01M0OX5NU,Paris Everstrong Sulfate Thickening Shampoo,"L'Oreal Paris Thickening Sulfate Free Shampoo, Thickens + Strengthens Thin Hair, with Rosemary Leaf, EverPure, 8.5 Fl Oz",https://m.media-amazon.com/images/I/71tVY9pl5vL._SX466_.jpg,9.97,10,true
B0G6H4NHB2,Old Spice Collection Cologne Infused Phthalates,"Old Spice Mens Shampoo, The Spice Alchemist Collection, 24/7 Cologne-Infused Velvet Sage & Driftwood Scent, Free of Parabens & Phthalates, 21.9 fl oz",https://m.media-amazon.com/images/I/71a9kv-uUCL._SX466_.jpg,12.97,10,true
B0DK9PXB6K,Nizoral Anti Dandruff Shampoo Conditioner Ketoconazole,"Nizoral 2-in-1 Anti Dandruff Shampoo and Conditioner, 14 Fl Oz, 1% Ketoconazole",https://m.media-amazon.com/images/I/81uqt6OD12L._SX466_.jpg,27.42,10,true
B0G5BL3WZJ,Loreal Paris Glycolic Conditioner High Shine,"L'Oreal Paris Elvive Glycolic + Gloss Shine Boosting Shampoo and Conditioner Set, Smooths Dull Hair Into High-Shine Hair, 1 Kit",https://m.media-amazon.com/images/I/71hK1KIqidL._SX466_.jpg,18.94,10,true
B08SMH2DST,American Crew Daily Cleansing Shampoo,"American Crew Shampoo for Men, Daily Cleanser, Naturally Derived, Vegan Formula, Citrus Mint Fragrance, 33.8 Fl Oz",https://m.media-amazon.com/images/I/71reqUqHdHL._SX466_.jpg,25.66,10,true
B08QN72JCY,Nizoral Psoriasis Shampoo Conditioner Scalp,"Nizoral Psoriasis Shampoo & Conditioner, 11 Oz, Gentle Scalp Treatment, Relieves Itching and Flaking, with Salicylic Acid and Tea Tree Oil",https://m.media-amazon.com/images/I/71dtHe5aY4L._SY741_.jpg,17.88,10,true
B0009OMNKM,Paul Mitchell Shampoo Two 16 9,"Paul Mitchell Shampoo Two, Clarifying Shampoo, Deep Cleanses + Removes Buildup, For All Hair Types, Especially Oily Hair",https://m.media-amazon.com/images/I/51Sbw7TLHpL._SX522_.jpg,21.00,10,true
B08SY14QNW,OUAI Thick Shampoo Conditioner Sulfates,"OUAI Thick Hair Shampoo and Conditioner Set - Sulfate Free - Moisturizes, Strengthens & Fights Frizz - Made with Keratin & Shea Butter (10 Fl Oz)",https://m.media-amazon.com/images/I/51FGxIqEdrL._SX466_.jpg,64.00,10,true
B084BY8DQP,OUAI Shampoo Strengthening Marshmallow Phthalates,"OUAI Thick Hair Shampoo - Hydrating Shea Butter Shampoo for Full, Frizzy Hair - Marshmallow Root, Avocado Oil & Keratin - Sulfate Free 10 Oz",https://m.media-amazon.com/images/I/51UCxLmgKJL._SX466_.jpg,32.00,10,true
B083KLN145,ACTIIV Appearance Healthier Looking Plant Derived Color Safe,"ACTIIV Recover Thickening Shampoo Treatment For Women, Supports the Appearance of Fuller, Healthier-Looking Hair, Plant-Based, Color-Safe, Vegan, All Hair Types",https://m.media-amazon.com/images/I/515AAbe10FL._SX522_.jpg,125.00,10,true
B0FQX5H4F1,Necessaire Multi Protein Strengthening Conditioner Color Safe,"Necessaire Rosemary Hair Duo, Multi-Protein Strengthening Rosemary Shampoo and Conditioner Set For Thinning Hair, Free Of Sulfates, Color-Safe, 500 ml",https://m.media-amazon.com/images/I/71WW4btumXL._SX466_.jpg,100.00,10,true
B07NSBTZ22,Aveeno Baby Shampoo Natural Tear Free,"Aveeno Baby Daily Moisture Gentle Baby Body Wash and Shampoo with Oat Extract, 2-in-1, Tear-Free, pH Balanced for Sensitive Skin, Value Size 33 Fl Oz",https://m.media-amazon.com/images/I/71QknFLm-YL._AC_SX679_.jpg,19.47,10,true
B097NQW4SP,Marc Anthony Biotin Shampoo Conditioner Set,"Marc Anthony Shampoo and Conditioner Gift Set, Grow Long Biotin - Anti-Frizz Deep Conditioner For Split Ends - Vitamin E, Caffeine & Ginseng for Curly, Dry & Damaged Hair",https://m.media-amazon.com/images/I/81Un4u57qJL._SX466_.jpg,19.58,10,true
B0947674MT,Douxo Chlorhexidine Ophytrium Antiseptic Infections,"Douxo S3 PYO Medicated Dog Shampoo with 3% Chlorhexidine for Dogs, Antibacterial & Antiseptic Treatment For Dogs & Cats, Clinically Proven, 6.7 fl oz",https://m.media-amazon.com/images/I/61zoiSKTJQL._AC_SX679_.jpg,21.97,10,true
B084D2165G,Clairol Shimmer Lights Shampoo 16,"Clairol Professional Shimmer Lights Purple Shampoo, Neutralizes Brass & Yellow Tones, For Blonde, Silver, Gray & Highlighted Hair",https://m.media-amazon.com/images/I/61-odBflaIL._SX522_.jpg,12.99,10,true
B0752L2VSJ,Paris Protecting Anti Oxidants Anti Fade Protection,"L'Oreal Paris Elvive Color Vibrancy Protecting Shampoo, for Color Treated Hair, with Linseed Elixir and Anti-Oxidants, 28 Fl Oz",https://m.media-amazon.com/images/I/71Dv7mExEHL._SX466_.jpg,13.98,10,true
B091G47FDH,Loreal Paris Everpure Conditioner Color Treated,"L'Oreal Paris Sulfate Free Bond Repair+ Shampoo and Conditioner Set, Strengthens and Repairs Damaged or Color Treated Hair, EverPure, 13.6 Fl Oz Set",https://m.media-amazon.com/images/I/81Lqwa7ZsmL._SX466_.jpg,19.78,10,true
B01N23J5C1,Malibu Hard Water Wellness Shampoo,"Malibu C Hard Water Wellness Shampoo - Hydrating, Sulfate-Free Hair Care for Hard Water - Removes Minerals and Buildup (9 oz)",https://m.media-amazon.com/images/I/517-sMuWP1L._SX466_.jpg,17.98,10,true
B0DPXYF131,Native Cashmere Conditioner Naturally Ingredients,"Native Cashmere & Rain Shampoo and Conditioner - All Hair Types, Color & Treated, Fine to Dry Damaged, Sulfate & Dye Free - 2-Pack",https://m.media-amazon.com/images/I/71dLuswyJBL._SX466_.jpg,19.45,10,true
B09MZX876X,Hair Biology Shampoo Conditioner Glowing,"Hair Biology Biotin-Infused Purple Shampoo and Conditioner Set for Grey Hair, Anti-Brassiness, Color-Safe, Silver & Glowing, 12.8 Fl Oz Each, 2 Pack",https://m.media-amazon.com/images/I/71PyaUgHFxL._SX466_.jpg,19.99,10,true
B07574H77S,Verb Ghost Shampoo Weightless Cleanse,"VERB Ghost Shampoo - Infused with Moringa Oil - Cleanses Fine and Weighed Down Hair - Vegan, No Parabens or Harmful Sulfates",https://m.media-amazon.com/images/I/61TVvHLqnpL._SX522_.jpg,22.00,10,true
B01AS41BD2,Co Badlands Dry Shampoo Paste,"R+Co Badlands Dry Shampoo Paste, Part Dry Shampoo, Part Styling Paste, Adds Texture, Absorbs Oil, Matte Finish",https://m.media-amazon.com/images/I/61GQnQemzUL._SX522_.jpg,34.00,10,true
B0DPLKWJDR,Loreal Paris Conditioner Clarifying Rehydrating,"L'Oreal Paris Elvive Hyaluron + Pure Shampoo and Conditioner Set, Clarifying Shampoo and Rehydrating Conditioner with Salicylic Acid and Hyaluronic Acid, 1 Kit",https://m.media-amazon.com/images/I/815hz5PJwuL._SX466_.jpg,20.98,10,true
B09R6CHBF1,Conditioner Thickening Moisturizing Shedding Conditioner,"hims Thick Fix Shampoo & Conditioner Set - Saw Palmetto for Healthy Hair Growth & Thickening - Vegan, Sulfate-Free & Cruelty-Free - Eucalyptus Scent, 6.4 fl oz",https://m.media-amazon.com/images/I/61wNBObZdPL._SX466_.jpg,24.44,10,true
B0GNP2K8WW,Kitsch Rice Water Shampoo Growth,"Kitsch Rice Water Shampoo Bar for Hair Growth - Strengthening Shampoo for Men and Women - Reduce Breakage, Boosts Shine - Paraben, Silicone & Sulfate-Free, Vegan, 3.5 oz",https://m.media-amazon.com/images/I/71tFCCq+2PL._SX466_.jpg,13.99,10,true
B0BS2D2KN7,Kitsch Conditioner Strengthening Cleansing Moisturizing,"Kitsch Rice Water Protein Solid Shampoo and Conditioner Set for Hair Growth - w/Rice Protein & Vitamins for Damage Repair - Paraben, Sulfate & Silicone Free",https://m.media-amazon.com/images/I/814BzAO1CoL._SX466_.jpg,27.99,10,true
B09X63HHPP,ATTITUDE Verified Mineral Based Ingredients Cruelty Free,"ATTITUDE Shampoo and Body Wash for Kids, EWG Verified Hair and Body Cleanser, Plant and Mineral Based, Vegan, Vanilla and Pear, 32 Fl Oz",https://m.media-amazon.com/images/I/61xT+7sgfOL._SX466_.jpg,16.61,10,true
B00RWCDM4A,Fanola No Yellow Shampoo 350,"Fanola No Yellow Purple Shampoo - Color Depositing Shampoo for Blondes, Bleached & Grey Hair - with Violet Pigment to Remove Brassy Tones (11.83 Fl oz)",https://m.media-amazon.com/images/I/511FdKc5EnL._SX466_.jpg,19.99,10,true
B0842YD1CX,Loreal Paris Everpure Sulfate Conditioner,"L'Oreal Paris EverPure Sulfate Free Brass Toning Purple Shampoo and Conditioner Set for Blonde, Bleached, Silver, or Brown Highlighted Hair, 1 Kit",https://m.media-amazon.com/images/I/81VKBcDQ70L._SX466_.jpg,19.82,10,true
B07GZWWN9Q,Extension Stacy Lash Extensions Professional,"STACY LASH Eyelash Extension Shampoo + Brush, 1.69 fl.oz, Eyelid Foaming Cleanser for Extensions & Natural Lashes, Safe Makeup Remover",https://m.media-amazon.com/images/I/51vLoeqiRlL._SX466_.jpg,14.95,10,true
B08B27V5MY,Honest Company Calming Lavender Conditioner,"The Honest Company Baby Shampoo, Body Wash & Conditioner Duo, 2-in-1 Cleansing, Silicone-Free, Naturally Derived, Lavender Calm Scent, 20 fl oz",https://m.media-amazon.com/images/I/61VRZ5lFS+L._SY741_.jpg,20.93,10,true
B000UPEDXU,Paul Mitchell Shampoo Three 10 14,"Paul Mitchell Shampoo Three, Clarifying Shampoo, Cleanses Impurities + Removes Chlorine, For All Hair Types, Great For Swimmers",https://m.media-amazon.com/images/I/51zE6KZgiWL._SX522_.jpg,16.00,10,true
B0GFGNMJMV,John Frieda Brilliant Brunette Vibrancy,"John Frieda Brilliant Brunette Color Vibrancy Shampoo, Brunette Shampoo, 8.45 Fl Oz, Pack of 2",https://m.media-amazon.com/images/I/61QuUDz-o3L._SX466_.jpg,15.34,10,true
B0DQQC4B38,Loreal Paris Glossing Conditioner Smoothness,"L'Oreal Paris Glossing Sulfate Free Shampoo and Conditioner Set with Glycolic Acid, for Lasting Shine and Smoothness for Dull, Dry Hair, EverPure, 1 Kit",https://m.media-amazon.com/images/I/81Z2eV2n3LL._SX466_.jpg,17.98,10,true
B002GPD8BU,Tropiclean Papaya Coconut Shampoo Conditioner,"TropiClean 2-in-1 Dog Shampoo and Conditioner, Moisturizing Dog Detangler, Puppy Safe, Made in the USA, Papaya Scent, Cat & Kitten Safe, 20oz",https://m.media-amazon.com/images/I/71Mi2B-qQML._AC_SX679_.jpg,13.99,10,true
B0002IEYIE,Earthbath Oatmeal Shampoo Vanilla Almond,"earthbath Oatmeal & Aloe Dog Shampoo - For Itchy, Dry Skin Relief, Made in USA, Cruelty Free - Vanilla & Almond, 16 Oz (1 Pack)",https://m.media-amazon.com/images/I/714crWmOUfL._AC_SX679_.jpg,18.99,10,true
